{"stats":{"minecraft:picked_up":{"world:oak":7},"minecraft:custom":{"minecraft:jump":128,"minecraft:time_since_rest":9677,"minecraft:crouch_one_cm":4,"minecraft:damage_dealt":18,"minecraft:walk_on_water_one_cm":949,"minecraft:leave_game":1,"minecraft:play_time":9677,"minecraft:sprint_one_cm":15270,"minecraft:damage_taken":325,"minecraft:time_since_death":9617,"minecraft:walk_one_cm":17071,"minecraft:sneak_time":30,"minecraft:total_world_time":9677,"minecraft:walk_under_water_one_cm":995,"minecraft:swim_one_cm":11211,"minecraft:fall_one_cm":4171,"minecraft:fly_one_cm":23030},"minecraft:mined":{"world:oak":7,"world:leavesoak":3}},"DataVersion":3465}