{"stats":{"minecraft:crafted":{"minecraft:wooden_sword":1,"minecraft:oak_boat":1,"minecraft:oak_planks":28,"minecraft:crafting_table":1,"minecraft:stick":4,"minecraft:wooden_axe":1},"minecraft:killed":{"minecraft:skeleton":1,"minecraft:creeper":1},"minecraft:picked_up":{"minecraft:crafting_table":2,"world:oak":7,"minecraft:oak_wood":39,"minecraft:bone":1,"minecraft:oak_boat":1,"minecraft:gunpowder":2,"minecraft:dirt":1},"minecraft:custom":{"minecraft:time_since_rest":20904,"minecraft:crouch_one_cm":767,"minecraft:sprint_one_cm":15328,"minecraft:play_time":20904,"minecraft:damage_taken":460,"minecraft:walk_one_cm":32829,"minecraft:sneak_time":472,"minecraft:walk_under_water_one_cm":5005,"minecraft:mob_kills":2,"minecraft:boat_one_cm":56763,"minecraft:jump":195,"minecraft:damage_dealt":398,"minecraft:leave_game":3,"minecraft:walk_on_water_one_cm":1710,"minecraft:time_since_death":20844,"minecraft:total_world_time":20904,"minecraft:swim_one_cm":14935,"minecraft:interact_with_crafting_table":3,"minecraft:fall_one_cm":4171,"minecraft:fly_one_cm":28444},"minecraft:used":{"minecraft:wooden_axe":42,"minecraft:wooden_sword":5,"minecraft:crafting_table":2,"minecraft:oak_boat":1},"minecraft:mined":{"minecraft:oak_wood":41,"world:oak":7,"world:leavesoak":3,"minecraft:oak_leaves":1,"minecraft:crafting_table":2,"minecraft:grass_block":1}},"DataVersion":3465}