{"stats":{"minecraft:crafted":{"minecraft:oak_planks":28,"minecraft:crafting_table":1,"minecraft:stick":8,"minecraft:wooden_pickaxe":1,"minecraft:torch":8,"minecraft:birch_planks":68,"minecraft:stone_axe":2},"minecraft:killed":{"world:goblin":2,"minecraft:zombie":1},"minecraft:picked_up":{"minecraft:birch_log":17,"minecraft:charcoal":2,"minecraft:stick":2,"minecraft:leather_leggings":2,"minecraft:torch":6,"minecraft:wooden_pickaxe":1,"minecraft:oak_log":8,"minecraft:dirt":44,"world:oak":4,"minecraft:oak_wood":12,"minecraft:rotten_flesh":2,"minecraft:kelp":20,"minecraft:wheat_seeds":2,"minecraft:oak_sapling":1,"minecraft:oak_planks":17,"minecraft:cobblestone":63},"minecraft:custom":{"minecraft:time_since_rest":25757,"minecraft:sprint_one_cm":19320,"minecraft:damage_taken":856,"minecraft:walk_one_cm":40639,"minecraft:mob_kills":3,"minecraft:damage_dealt":879,"minecraft:damage_dealt_absorbed":77,"minecraft:swim_one_cm":55205,"minecraft:interact_with_crafting_table":4,"minecraft:fly_one_cm":50140,"minecraft:crouch_one_cm":4334,"minecraft:play_time":25757,"minecraft:sneak_time":1826,"minecraft:walk_under_water_one_cm":10172,"minecraft:jump":244,"minecraft:leave_game":5,"minecraft:walk_on_water_one_cm":22819,"minecraft:time_since_death":25577,"minecraft:total_world_time":25757,"minecraft:fall_one_cm":6092},"minecraft:used":{"minecraft:wooden_pickaxe":33,"minecraft:rotten_flesh":2,"minecraft:stone_axe":2,"minecraft:torch":2,"minecraft:dirt":19,"minecraft:crafting_table":1},"minecraft:mined":{"minecraft:kelp_plant":8,"minecraft:birch_log":17,"minecraft:birch_leaves":1,"minecraft:dandelion":1,"minecraft:oak_log":8,"minecraft:grass":16,"minecraft:oak_wood":10,"minecraft:grass_block":8,"minecraft:dirt":41,"minecraft:campfire":1,"world:oak":2,"minecraft:stone":33,"minecraft:sugar_cane":1,"minecraft:oak_leaves":4}},"DataVersion":3465}