{"stats":{"minecraft:crafted":{"minecraft:oak_planks":28,"minecraft:crafting_table":1,"minecraft:stick":8,"minecraft:wooden_pickaxe":1,"minecraft:torch":8,"minecraft:stone_axe":2},"minecraft:killed":{"world:goblin":2,"minecraft:zombie":1},"minecraft:picked_up":{"minecraft:charcoal":2,"minecraft:stick":2,"minecraft:leather_leggings":2,"minecraft:torch":6,"minecraft:wooden_pickaxe":1,"minecraft:dirt":44,"world:oak":4,"minecraft:oak_wood":12,"minecraft:rotten_flesh":2,"minecraft:kelp":20,"minecraft:wheat_seeds":2,"minecraft:oak_planks":17,"minecraft:cobblestone":63},"minecraft:custom":{"minecraft:time_since_rest":22133,"minecraft:sprint_one_cm":12861,"minecraft:damage_taken":766,"minecraft:walk_one_cm":30826,"minecraft:mob_kills":3,"minecraft:damage_dealt":869,"minecraft:damage_dealt_absorbed":77,"minecraft:swim_one_cm":55205,"minecraft:interact_with_crafting_table":4,"minecraft:fly_one_cm":23760,"minecraft:crouch_one_cm":3757,"minecraft:play_time":22133,"minecraft:sneak_time":1569,"minecraft:walk_under_water_one_cm":10172,"minecraft:jump":151,"minecraft:leave_game":5,"minecraft:walk_on_water_one_cm":22664,"minecraft:time_since_death":22019,"minecraft:total_world_time":22133,"minecraft:fall_one_cm":3677},"minecraft:used":{"minecraft:wooden_pickaxe":33,"minecraft:rotten_flesh":2,"minecraft:stone_axe":2,"minecraft:torch":2,"minecraft:dirt":19,"minecraft:crafting_table":1},"minecraft:mined":{"minecraft:kelp_plant":8,"minecraft:dandelion":1,"minecraft:grass":14,"minecraft:oak_wood":10,"minecraft:grass_block":8,"minecraft:campfire":1,"minecraft:dirt":41,"world:oak":2,"minecraft:stone":33,"minecraft:sugar_cane":1}},"DataVersion":3465}