{"stats":{"minecraft:killed":{"world:goblin":2},"minecraft:custom":{"minecraft:jump":27,"minecraft:time_since_rest":3010,"minecraft:damage_dealt":322,"minecraft:damage_taken":260,"minecraft:leave_game":2,"minecraft:play_time":3010,"minecraft:sprint_one_cm":3381,"minecraft:time_since_death":3009,"minecraft:walk_on_water_one_cm":9818,"minecraft:walk_one_cm":3937,"minecraft:total_world_time":3010,"minecraft:walk_under_water_one_cm":4416,"minecraft:mob_kills":2,"minecraft:swim_one_cm":5248,"minecraft:fall_one_cm":902,"minecraft:fly_one_cm":4653},"minecraft:mined":{"minecraft:grass":5,"minecraft:sugar_cane":1,"minecraft:dandelion":1}},"DataVersion":3465}