{"stats":{"minecraft:crafted":{"minecraft:oak_planks":104,"minecraft:crafting_table":3,"minecraft:wooden_pickaxe":3,"minecraft:furnace":1,"minecraft:birch_planks":68,"minecraft:stone_axe":4,"minecraft:air":0,"minecraft:stick":44,"minecraft:iron_ingot":4,"minecraft:iron_pickaxe":1,"minecraft:stone_pickaxe":5,"minecraft:chest":2,"minecraft:torch":88},"minecraft:killed":{"world:goblin":2,"vampirism:vampire":2,"minecraft:creeper":1,"minecraft:zombie":6},"minecraft:dropped":{"minecraft:stone_pickaxe":1},"minecraft:picked_up":{"minecraft:birch_log":17,"minecraft:charcoal":2,"minecraft:crafting_table":4,"minecraft:andesite":6,"minecraft:leather_leggings":2,"minecraft:wooden_pickaxe":1,"minecraft:tuff":36,"minecraft:oak_log":19,"minecraft:gunpowder":2,"minecraft:lapis_lazuli":17,"minecraft:dirt":64,"minecraft:raw_copper":8,"minecraft:kelp":20,"minecraft:wheat_seeds":2,"minecraft:cobbled_deepslate":384,"minecraft:stone_pickaxe":1,"minecraft:sugar_cane":3,"minecraft:birch_sapling":1,"minecraft:oak_planks":17,"minecraft:stick":6,"minecraft:raw_iron":6,"minecraft:torch":8,"vampirism:vampire_fang":1,"world:oak":4,"minecraft:oak_wood":12,"minecraft:rotten_flesh":7,"minecraft:oak_sapling":5,"minecraft:coal":24,"minecraft:cobblestone":224},"minecraft:custom":{"minecraft:interact_with_furnace":3,"minecraft:mob_kills":11,"minecraft:interact_with_crafting_table":16,"minecraft:leave_game":6,"minecraft:time_since_death":67020,"minecraft:time_since_rest":67201,"minecraft:sprint_one_cm":31863,"minecraft:damage_taken":1071,"minecraft:walk_one_cm":138231,"minecraft:drop":1,"minecraft:damage_dealt":2812,"minecraft:damage_dealt_absorbed":77,"minecraft:swim_one_cm":56782,"minecraft:fly_one_cm":64701,"minecraft:open_chest":3,"minecraft:crouch_one_cm":21303,"minecraft:play_time":67201,"minecraft:sneak_time":8765,"minecraft:walk_under_water_one_cm":11221,"minecraft:jump":509,"minecraft:walk_on_water_one_cm":22959,"minecraft:total_world_time":67201,"minecraft:fall_one_cm":7973},"minecraft:broken":{"minecraft:stone_pickaxe":4,"minecraft:stone_axe":1},"minecraft:used":{"minecraft:stone_pickaxe":613,"minecraft:chest":2,"minecraft:wooden_pickaxe":43,"minecraft:rotten_flesh":6,"minecraft:torch":70,"minecraft:dirt":26,"minecraft:crafting_table":6,"minecraft:stone_axe":73,"minecraft:furnace":1,"minecraft:andesite":2,"minecraft:cobbled_deepslate":81},"minecraft:mined":{"minecraft:tuff":36,"minecraft:kelp_plant":8,"minecraft:dandelion":1,"minecraft:crafting_table":4,"minecraft:torch":2,"minecraft:oak_wood":10,"minecraft:grass_block":10,"minecraft:campfire":1,"minecraft:copper_ore":2,"world:oak":2,"minecraft:lapis_ore":3,"minecraft:sugar_cane":2,"minecraft:birch_log":17,"minecraft:iron_ore":4,"minecraft:cobbled_deepslate":30,"minecraft:birch_leaves":1,"minecraft:andesite":6,"minecraft:grass":17,"minecraft:oak_log":19,"minecraft:coal_ore":24,"minecraft:deepslate_iron_ore":2,"minecraft:dirt":59,"minecraft:stone":194,"minecraft:oak_leaves":6,"minecraft:deepslate":355}},"DataVersion":3465}