{"stats":{"minecraft:crafted":{"minecraft:oak_planks":20,"minecraft:crafting_table":1},"minecraft:killed":{"world:goblin":2,"minecraft:zombie":1},"minecraft:picked_up":{"minecraft:oak_wood":5,"world:oak":2,"minecraft:charcoal":2,"minecraft:rotten_flesh":2,"minecraft:leather_leggings":1,"minecraft:kelp":10,"minecraft:wheat_seeds":1,"minecraft:dirt":41},"minecraft:custom":{"minecraft:time_since_rest":15152,"minecraft:crouch_one_cm":1774,"minecraft:sprint_one_cm":11764,"minecraft:play_time":15152,"minecraft:damage_taken":365,"minecraft:walk_one_cm":20827,"minecraft:sneak_time":830,"minecraft:walk_under_water_one_cm":7462,"minecraft:mob_kills":3,"minecraft:jump":124,"minecraft:damage_dealt":805,"minecraft:leave_game":3,"minecraft:walk_on_water_one_cm":13829,"minecraft:time_since_death":15096,"minecraft:total_world_time":15152,"minecraft:damage_dealt_absorbed":77,"minecraft:swim_one_cm":20509,"minecraft:fall_one_cm":3677,"minecraft:fly_one_cm":22810},"minecraft:used":{"minecraft:dirt":13,"minecraft:rotten_flesh":2},"minecraft:mined":{"minecraft:oak_wood":5,"minecraft:grass":14,"minecraft:grass_block":8,"minecraft:campfire":1,"minecraft:dirt":37,"minecraft:kelp_plant":8,"world:oak":2,"minecraft:dandelion":1,"minecraft:sugar_cane":1}},"DataVersion":3465}