{"stats":{"minecraft:crafted":{"minecraft:oak_planks":28,"minecraft:crafting_table":1,"minecraft:stick":8,"minecraft:wooden_pickaxe":1,"minecraft:torch":8,"minecraft:stone_axe":1},"minecraft:killed":{"world:goblin":2,"minecraft:zombie":1},"minecraft:picked_up":{"minecraft:charcoal":2,"minecraft:leather_leggings":1,"minecraft:dirt":41,"world:oak":2,"minecraft:oak_wood":9,"minecraft:rotten_flesh":2,"minecraft:kelp":10,"minecraft:wheat_seeds":1,"minecraft:cobblestone":33},"minecraft:custom":{"minecraft:time_since_rest":20161,"minecraft:sprint_one_cm":12303,"minecraft:damage_taken":530,"minecraft:walk_one_cm":28016,"minecraft:mob_kills":3,"minecraft:damage_dealt":869,"minecraft:interact_with_crafting_table":3,"minecraft:damage_dealt_absorbed":77,"minecraft:swim_one_cm":42975,"minecraft:fly_one_cm":23148,"minecraft:crouch_one_cm":3297,"minecraft:play_time":20161,"minecraft:sneak_time":1391,"minecraft:walk_under_water_one_cm":8683,"minecraft:jump":139,"minecraft:leave_game":4,"minecraft:walk_on_water_one_cm":20002,"minecraft:time_since_death":20104,"minecraft:total_world_time":20161,"minecraft:fall_one_cm":3677},"minecraft:used":{"minecraft:wooden_pickaxe":33,"minecraft:rotten_flesh":2,"minecraft:stone_axe":2,"minecraft:torch":2,"minecraft:dirt":19,"minecraft:crafting_table":1},"minecraft:mined":{"minecraft:kelp_plant":8,"minecraft:dandelion":1,"minecraft:grass":14,"minecraft:grass_block":8,"minecraft:oak_wood":9,"minecraft:campfire":1,"minecraft:dirt":38,"world:oak":2,"minecraft:stone":33,"minecraft:sugar_cane":1}},"DataVersion":3465}