{"stats":{"minecraft:crafted":{"minecraft:oak_planks":104,"minecraft:crafting_table":3,"minecraft:stick":40,"minecraft:wooden_pickaxe":3,"minecraft:stone_pickaxe":4,"minecraft:furnace":1,"minecraft:torch":88,"minecraft:birch_planks":68,"minecraft:stone_axe":3},"minecraft:killed":{"world:goblin":2,"minecraft:zombie":1},"minecraft:picked_up":{"minecraft:birch_log":17,"minecraft:raw_iron":4,"minecraft:charcoal":2,"minecraft:stick":6,"minecraft:crafting_table":2,"minecraft:andesite":6,"minecraft:leather_leggings":2,"minecraft:torch":7,"minecraft:wooden_pickaxe":1,"minecraft:oak_log":19,"minecraft:lapis_lazuli":17,"minecraft:dirt":60,"minecraft:raw_copper":8,"world:oak":4,"minecraft:oak_wood":12,"minecraft:rotten_flesh":2,"minecraft:kelp":20,"minecraft:wheat_seeds":2,"minecraft:cobbled_deepslate":98,"minecraft:oak_sapling":5,"minecraft:sugar_cane":3,"minecraft:birch_sapling":1,"minecraft:oak_planks":17,"minecraft:coal":24,"minecraft:cobblestone":224},"minecraft:custom":{"minecraft:time_since_rest":43757,"minecraft:sprint_one_cm":24410,"minecraft:damage_taken":856,"minecraft:walk_one_cm":79382,"minecraft:mob_kills":3,"minecraft:damage_dealt":879,"minecraft:damage_dealt_absorbed":77,"minecraft:swim_one_cm":56782,"minecraft:interact_with_crafting_table":11,"minecraft:fly_one_cm":62616,"minecraft:crouch_one_cm":6055,"minecraft:play_time":43757,"minecraft:sneak_time":2913,"minecraft:walk_under_water_one_cm":11221,"minecraft:jump":384,"minecraft:leave_game":5,"minecraft:walk_on_water_one_cm":22959,"minecraft:time_since_death":43577,"minecraft:total_world_time":43757,"minecraft:fall_one_cm":7764},"minecraft:broken":{"minecraft:stone_pickaxe":2},"minecraft:used":{"minecraft:stone_pickaxe":288,"minecraft:wooden_pickaxe":43,"minecraft:rotten_flesh":2,"minecraft:stone_axe":3,"minecraft:torch":20,"minecraft:dirt":21,"minecraft:crafting_table":4,"minecraft:andesite":2},"minecraft:mined":{"minecraft:iron_ore":4,"minecraft:kelp_plant":8,"minecraft:birch_log":17,"minecraft:andesite":6,"minecraft:birch_leaves":1,"minecraft:dandelion":1,"minecraft:torch":1,"minecraft:crafting_table":2,"minecraft:coal_ore":24,"minecraft:oak_log":19,"minecraft:grass":17,"minecraft:oak_wood":10,"minecraft:grass_block":10,"minecraft:dirt":55,"minecraft:campfire":1,"minecraft:copper_ore":2,"world:oak":2,"minecraft:lapis_ore":3,"minecraft:stone":194,"minecraft:sugar_cane":2,"minecraft:deepslate":98,"minecraft:oak_leaves":6}},"DataVersion":3465}