{"stats":{"minecraft:crafted":{"minecraft:oak_door":9,"minecraft:oak_planks":356,"minecraft:diamond_sword":1,"minecraft:cooked_porkchop":3,"minecraft:crafting_table":2,"minecraft:spruce_planks":48,"minecraft:wooden_pickaxe":1,"minecraft:iron_helmet":1,"minecraft:furnace":5,"minecraft:bucket":1,"minecraft:stone_axe":1,"minecraft:bread":102,"minecraft:air":0,"minecraft:oak_boat":1,"minecraft:diamond_pickaxe":1,"minecraft:iron_boots":1,"minecraft:iron_chestplate":1,"minecraft:charcoal":12,"minecraft:shield":1,"minecraft:iron_axe":1,"minecraft:stick":32,"minecraft:iron_ingot":34,"minecraft:iron_pickaxe":1,"minecraft:stone_pickaxe":3,"minecraft:wooden_axe":1,"minecraft:iron_leggings":1,"minecraft:torch":24,"minecraft:wheat":306},"minecraft:killed":{"duckensinvasion:footsoldier_duck":3,"minecraft:pig":1,"minecraft:sheep":1,"minecraft:zombie":1,"duckensinvasion:armoured_duck":1,"duckensinvasion:commaner_duckfighting":1},"minecraft:dropped":{"minecraft:wheat_seeds":1},"minecraft:picked_up":{"minecraft:stripped_oak_log":1,"minecraft:charcoal":13,"minecraft:crafting_table":5,"minecraft:oak_log":35,"minecraft:lapis_lazuli":16,"minecraft:dirt":12,"minecraft:raw_copper":7,"minecraft:wheat_seeds":1,"minecraft:cobbled_deepslate":26,"minecraft:raw_gold":3,"minecraft:oak_planks":2,"minecraft:furnace":5,"minecraft:raw_iron":34,"minecraft:oak_door":12,"minecraft:torch":5,"minecraft:porkchop":3,"minecraft:spruce_log":12,"minecraft:redstone":44,"world:oak":1,"minecraft:oak_wood":114,"minecraft:diamond":5,"minecraft:hay_block":34,"duckensinvasion:duck_feather":1,"minecraft:oak_sapling":2,"minecraft:mutton":2,"minecraft:coal":40,"minecraft:white_wool":1,"minecraft:cobblestone":182},"minecraft:custom":{"minecraft:interact_with_furnace":33,"minecraft:mob_kills":8,"minecraft:interact_with_crafting_table":32,"minecraft:time_since_death":65553,"minecraft:time_since_rest":65553,"minecraft:sprint_one_cm":115144,"minecraft:damage_taken":641,"minecraft:walk_one_cm":64426,"minecraft:damage_blocked_by_shield":270,"minecraft:drop":1,"minecraft:damage_dealt":1441,"minecraft:swim_one_cm":128779,"minecraft:fly_one_cm":220090,"minecraft:crouch_one_cm":14546,"minecraft:play_time":65553,"minecraft:sneak_time":5591,"minecraft:walk_under_water_one_cm":24681,"minecraft:boat_one_cm":91893,"minecraft:jump":1253,"minecraft:walk_on_water_one_cm":19736,"minecraft:total_world_time":65553,"minecraft:fall_one_cm":33560},"minecraft:broken":{"minecraft:stone_pickaxe":1},"minecraft:used":{"minecraft:water_bucket":1,"minecraft:stone_pickaxe":162,"minecraft:oak_planks":240,"minecraft:shield":4,"minecraft:wooden_pickaxe":41,"minecraft:oak_door":16,"minecraft:torch":29,"minecraft:dirt":12,"minecraft:crafting_table":6,"minecraft:oak_wood":2,"minecraft:oak_log":3,"minecraft:wooden_axe":53,"minecraft:diamond_pickaxe":7,"minecraft:iron_axe":112,"minecraft:bread":17,"minecraft:iron_pickaxe":92,"minecraft:iron_boots":1,"minecraft:stone_axe":30,"minecraft:diamond_sword":29,"minecraft:cobblestone":45,"minecraft:oak_sapling":1,"minecraft:furnace":5,"minecraft:bucket":1,"minecraft:oak_boat":1},"minecraft:mined":{"minecraft:deepslate_redstone_ore":10,"minecraft:diamond_ore":2,"minecraft:deepslate_diamond_ore":3,"minecraft:oak_door":9,"minecraft:crafting_table":5,"minecraft:oak_wood":120,"minecraft:grass_block":1,"minecraft:copper_ore":2,"minecraft:cobblestone":5,"world:oak":1,"minecraft:deepslate_gold_ore":3,"minecraft:deepslate_copper_ore":1,"minecraft:hay_block":34,"minecraft:furnace":5,"minecraft:iron_ore":16,"minecraft:spruce_log":12,"minecraft:deepslate_lapis_ore":2,"minecraft:grass":14,"minecraft:oak_log":34,"minecraft:coal_ore":23,"minecraft:deepslate_iron_ore":19,"minecraft:dirt_path":2,"minecraft:dirt":10,"minecraft:stripped_oak_log":1,"minecraft:stone":182,"minecraft:oak_leaves":19,"minecraft:deepslate":27}},"DataVersion":3465}