{"stats":{"minecraft:crafted":{"minecraft:oak_door":3,"minecraft:oak_planks":100,"minecraft:iron_boots":1,"minecraft:charcoal":12,"minecraft:cooked_porkchop":3,"minecraft:shield":1,"minecraft:crafting_table":2,"minecraft:stick":16,"minecraft:iron_ingot":11,"minecraft:wooden_pickaxe":1,"minecraft:stone_pickaxe":3,"minecraft:wooden_axe":1,"minecraft:furnace":5,"minecraft:torch":16,"minecraft:stone_axe":1,"minecraft:bread":102,"minecraft:air":0,"minecraft:wheat":306},"minecraft:killed":{"minecraft:pig":1},"minecraft:dropped":{"minecraft:wheat_seeds":1},"minecraft:picked_up":{"minecraft:stripped_oak_log":1,"minecraft:raw_iron":12,"minecraft:crafting_table":2,"minecraft:torch":1,"minecraft:porkchop":3,"minecraft:oak_log":32,"minecraft:dirt":12,"minecraft:oak_wood":20,"minecraft:wheat_seeds":1,"minecraft:hay_block":34,"minecraft:oak_sapling":2,"minecraft:coal":23,"minecraft:cobblestone":164},"minecraft:custom":{"minecraft:time_since_rest":23553,"minecraft:interact_with_furnace":21,"minecraft:sprint_one_cm":29340,"minecraft:damage_taken":79,"minecraft:walk_one_cm":31902,"minecraft:mob_kills":1,"minecraft:drop":1,"minecraft:damage_dealt":100,"minecraft:swim_one_cm":15349,"minecraft:interact_with_crafting_table":18,"minecraft:fly_one_cm":44621,"minecraft:crouch_one_cm":5444,"minecraft:play_time":23553,"minecraft:sneak_time":2057,"minecraft:walk_under_water_one_cm":756,"minecraft:jump":261,"minecraft:time_since_death":23553,"minecraft:walk_on_water_one_cm":3713,"minecraft:total_world_time":23553,"minecraft:fall_one_cm":6372},"minecraft:broken":{"minecraft:stone_pickaxe":1},"minecraft:used":{"minecraft:oak_log":3,"minecraft:wooden_axe":53,"minecraft:stone_pickaxe":162,"minecraft:bread":2,"minecraft:wooden_pickaxe":41,"minecraft:iron_boots":1,"minecraft:torch":11,"minecraft:stone_axe":22,"minecraft:dirt":9,"minecraft:cobblestone":31,"minecraft:crafting_table":4,"minecraft:furnace":5,"minecraft:oak_sapling":1,"minecraft:oak_wood":2},"minecraft:mined":{"minecraft:hay_block":34,"minecraft:iron_ore":12,"minecraft:crafting_table":2,"minecraft:coal_ore":23,"minecraft:grass":10,"minecraft:oak_wood":26,"minecraft:grass_block":1,"minecraft:oak_log":33,"minecraft:dirt_path":2,"minecraft:dirt":10,"minecraft:stripped_oak_log":1,"minecraft:cobblestone":1,"minecraft:stone":167,"minecraft:oak_leaves":17}},"DataVersion":3465}