{"stats":{"minecraft:crafted":{"minecraft:oak_door":9,"minecraft:oak_planks":356,"minecraft:diamond_sword":1,"minecraft:cooked_porkchop":3,"minecraft:crafting_table":2,"minecraft:spruce_planks":48,"minecraft:wooden_pickaxe":1,"minecraft:iron_helmet":1,"minecraft:furnace":5,"minecraft:bucket":1,"minecraft:stone_axe":1,"minecraft:bread":102,"minecraft:air":0,"minecraft:oak_boat":1,"minecraft:diamond_pickaxe":1,"minecraft:iron_boots":1,"minecraft:iron_chestplate":1,"minecraft:charcoal":12,"minecraft:shield":1,"minecraft:iron_axe":1,"minecraft:stick":32,"minecraft:iron_ingot":34,"minecraft:iron_pickaxe":1,"minecraft:stone_pickaxe":3,"minecraft:wooden_axe":1,"minecraft:iron_leggings":1,"minecraft:torch":24,"minecraft:wheat":306},"minecraft:killed":{"duckensinvasion:footsoldier_duck":3,"vampirism:vampire":2,"minecraft:pig":1,"world:dragonfly_2":1,"minecraft:sheep":1,"minecraft:zombie":3,"duckensinvasion:armoured_duck":1,"duckensinvasion:commaner_duckfighting":1},"minecraft:dropped":{"minecraft:wheat_seeds":1},"minecraft:picked_up":{"minecraft:stripped_oak_log":1,"minecraft:charcoal":13,"minecraft:crafting_table":5,"minecraft:oak_log":35,"minecraft:lapis_lazuli":16,"minecraft:dirt":18,"minecraft:raw_copper":7,"minecraft:wheat_seeds":1,"minecraft:cobbled_deepslate":26,"minecraft:raw_gold":3,"minecraft:oak_boat":1,"minecraft:oak_planks":2,"minecraft:furnace":5,"minecraft:raw_iron":34,"minecraft:oak_door":12,"minecraft:torch":5,"minecraft:porkchop":3,"vampirism:vampire_fang":1,"minecraft:spruce_log":12,"minecraft:redstone":44,"world:oak":1,"minecraft:oak_wood":114,"minecraft:rotten_flesh":4,"minecraft:diamond":5,"minecraft:hay_block":34,"duckensinvasion:duck_feather":1,"minecraft:oak_sapling":2,"iceandfire:raw_silver":4,"minecraft:mutton":2,"minecraft:coal":40,"minecraft:white_wool":1,"minecraft:cobblestone":196},"minecraft:custom":{"minecraft:interact_with_furnace":33,"minecraft:mob_kills":14,"minecraft:interact_with_crafting_table":32,"minecraft:leave_game":1,"minecraft:time_since_death":71971,"minecraft:time_since_rest":71972,"minecraft:sprint_one_cm":130162,"minecraft:damage_taken":1184,"minecraft:walk_one_cm":75865,"minecraft:damage_blocked_by_shield":1200,"minecraft:drop":1,"minecraft:damage_dealt":2644,"minecraft:swim_one_cm":128779,"minecraft:fly_one_cm":255825,"minecraft:crouch_one_cm":15963,"minecraft:play_time":71972,"minecraft:sneak_time":6040,"minecraft:walk_under_water_one_cm":24681,"minecraft:boat_one_cm":91893,"minecraft:jump":1477,"minecraft:walk_on_water_one_cm":19853,"minecraft:total_world_time":71972,"minecraft:fall_one_cm":38973},"minecraft:broken":{"minecraft:stone_pickaxe":1},"minecraft:used":{"minecraft:water_bucket":1,"minecraft:stone_pickaxe":162,"minecraft:oak_planks":240,"minecraft:shield":13,"minecraft:wooden_pickaxe":41,"minecraft:oak_door":16,"minecraft:torch":29,"minecraft:dirt":18,"minecraft:crafting_table":6,"minecraft:oak_wood":2,"minecraft:oak_log":3,"minecraft:wooden_axe":53,"minecraft:diamond_pickaxe":16,"minecraft:iron_axe":112,"minecraft:bread":24,"minecraft:iron_pickaxe":92,"minecraft:iron_boots":1,"minecraft:stone_axe":30,"minecraft:diamond_sword":51,"minecraft:cobblestone":55,"minecraft:oak_sapling":1,"minecraft:furnace":5,"minecraft:bucket":1,"minecraft:oak_boat":1},"minecraft:mined":{"minecraft:deepslate_redstone_ore":10,"minecraft:diamond_ore":2,"iceandfire:silver_ore":4,"minecraft:deepslate_diamond_ore":3,"minecraft:oak_door":9,"minecraft:crafting_table":5,"minecraft:oak_wood":120,"minecraft:grass_block":10,"minecraft:tall_grass":2,"minecraft:copper_ore":2,"minecraft:cobblestone":7,"world:oak":1,"minecraft:deepslate_gold_ore":3,"minecraft:deepslate_copper_ore":1,"minecraft:hay_block":34,"minecraft:furnace":5,"minecraft:iron_ore":16,"minecraft:spruce_log":12,"minecraft:deepslate_lapis_ore":2,"minecraft:grass":18,"minecraft:oak_log":34,"minecraft:coal_ore":23,"minecraft:deepslate_iron_ore":19,"minecraft:dirt_path":2,"minecraft:dirt":16,"minecraft:stripped_oak_log":1,"minecraft:stone":183,"minecraft:oak_leaves":19,"minecraft:deepslate":27}},"DataVersion":3465}