{"stats":{"minecraft:crafted":{"minecraft:oak_door":9,"minecraft:oak_planks":100,"minecraft:cooked_porkchop":3,"minecraft:crafting_table":2,"minecraft:wooden_pickaxe":1,"minecraft:furnace":5,"minecraft:stone_axe":1,"minecraft:bread":102,"minecraft:air":0,"minecraft:iron_boots":1,"minecraft:iron_chestplate":1,"minecraft:charcoal":12,"minecraft:shield":1,"minecraft:stick":20,"minecraft:iron_ingot":16,"minecraft:iron_pickaxe":1,"minecraft:stone_pickaxe":3,"minecraft:wooden_axe":1,"minecraft:torch":24,"minecraft:wheat":306},"minecraft:killed":{"minecraft:pig":1},"minecraft:dropped":{"minecraft:wheat_seeds":1},"minecraft:picked_up":{"minecraft:stripped_oak_log":1,"minecraft:crafting_table":2,"minecraft:oak_log":32,"minecraft:dirt":12,"minecraft:raw_copper":2,"minecraft:wheat_seeds":1,"minecraft:cobbled_deepslate":21,"minecraft:raw_gold":2,"minecraft:raw_iron":22,"minecraft:oak_door":3,"minecraft:torch":5,"minecraft:porkchop":3,"minecraft:redstone":44,"minecraft:oak_wood":20,"minecraft:diamond":5,"minecraft:hay_block":34,"minecraft:oak_sapling":2,"minecraft:coal":23,"minecraft:cobblestone":182},"minecraft:custom":{"minecraft:interact_with_furnace":25,"minecraft:mob_kills":1,"minecraft:interact_with_crafting_table":23,"minecraft:time_since_death":35553,"minecraft:time_since_rest":35553,"minecraft:sprint_one_cm":61372,"minecraft:damage_taken":119,"minecraft:walk_one_cm":40407,"minecraft:drop":1,"minecraft:damage_dealt":100,"minecraft:swim_one_cm":60470,"minecraft:fly_one_cm":96169,"minecraft:crouch_one_cm":6547,"minecraft:play_time":35553,"minecraft:sneak_time":2687,"minecraft:walk_under_water_one_cm":9857,"minecraft:jump":517,"minecraft:walk_on_water_one_cm":12700,"minecraft:total_world_time":35553,"minecraft:fall_one_cm":13650},"minecraft:broken":{"minecraft:stone_pickaxe":1},"minecraft:used":{"minecraft:stone_pickaxe":162,"minecraft:wooden_pickaxe":41,"minecraft:oak_door":7,"minecraft:torch":29,"minecraft:dirt":12,"minecraft:crafting_table":4,"minecraft:oak_wood":2,"minecraft:oak_log":3,"minecraft:wooden_axe":53,"minecraft:bread":4,"minecraft:iron_pickaxe":70,"minecraft:iron_boots":1,"minecraft:stone_axe":24,"minecraft:cobblestone":39,"minecraft:oak_sapling":1,"minecraft:furnace":5},"minecraft:mined":{"minecraft:deepslate_redstone_ore":10,"minecraft:diamond_ore":2,"minecraft:deepslate_diamond_ore":3,"minecraft:oak_door":2,"minecraft:crafting_table":2,"minecraft:oak_wood":26,"minecraft:grass_block":1,"minecraft:copper_ore":2,"minecraft:cobblestone":5,"minecraft:deepslate_gold_ore":2,"minecraft:hay_block":34,"minecraft:iron_ore":16,"minecraft:grass":10,"minecraft:oak_log":33,"minecraft:coal_ore":23,"minecraft:deepslate_iron_ore":6,"minecraft:dirt_path":2,"minecraft:dirt":10,"minecraft:stripped_oak_log":1,"minecraft:stone":182,"minecraft:oak_leaves":17,"minecraft:deepslate":22}},"DataVersion":3465}