{"stats":{"minecraft:crafted":{"minecraft:oak_planks":36,"minecraft:charcoal":6,"minecraft:crafting_table":1,"minecraft:stick":8,"minecraft:wooden_pickaxe":1,"minecraft:wooden_axe":1,"minecraft:furnace":4,"minecraft:stone_axe":1,"minecraft:air":0,"minecraft:wheat":306},"minecraft:killed":{"minecraft:pig":1},"minecraft:dropped":{"minecraft:wheat_seeds":1},"minecraft:picked_up":{"minecraft:stripped_oak_log":1,"minecraft:crafting_table":1,"minecraft:porkchop":3,"minecraft:oak_log":32,"minecraft:dirt":10,"minecraft:oak_wood":6,"minecraft:wheat_seeds":1,"minecraft:hay_block":34,"minecraft:oak_sapling":2,"minecraft:cobblestone":41},"minecraft:custom":{"minecraft:time_since_rest":11553,"minecraft:interact_with_furnace":9,"minecraft:sprint_one_cm":26616,"minecraft:damage_taken":30,"minecraft:walk_one_cm":17912,"minecraft:mob_kills":1,"minecraft:drop":1,"minecraft:damage_dealt":100,"minecraft:swim_one_cm":1445,"minecraft:interact_with_crafting_table":9,"minecraft:fly_one_cm":44452,"minecraft:crouch_one_cm":1926,"minecraft:play_time":11553,"minecraft:sneak_time":551,"minecraft:walk_under_water_one_cm":88,"minecraft:jump":217,"minecraft:time_since_death":11553,"minecraft:walk_on_water_one_cm":1879,"minecraft:total_world_time":11553,"minecraft:fall_one_cm":6372},"minecraft:used":{"minecraft:oak_log":3,"minecraft:wooden_axe":53,"minecraft:wooden_pickaxe":41,"minecraft:dirt":1,"minecraft:crafting_table":2,"minecraft:furnace":4,"minecraft:oak_sapling":1},"minecraft:mined":{"minecraft:hay_block":34,"minecraft:crafting_table":1,"minecraft:grass":10,"minecraft:oak_wood":6,"minecraft:grass_block":1,"minecraft:oak_log":32,"minecraft:dirt_path":2,"minecraft:dirt":8,"minecraft:stripped_oak_log":1,"minecraft:stone":41,"minecraft:oak_leaves":17}},"DataVersion":3465}