{"stats":{"minecraft:crafted":{"minecraft:cooked_cod":3,"minecraft:oak_planks":120,"minecraft:crafting_table":1,"minecraft:stick":16,"minecraft:wooden_pickaxe":1,"minecraft:stone_pickaxe":1,"minecraft:wooden_axe":1,"minecraft:stone_sword":1,"minecraft:furnace":1,"minecraft:stone_axe":1,"minecraft:air":0},"minecraft:killed":{"minecraft:cod":6},"minecraft:dropped":{"minecraft:wooden_axe":1,"world:oak":1,"minecraft:wooden_pickaxe":1},"minecraft:picked_up":{"minecraft:crafting_table":1,"minecraft:oak_log":27,"minecraft:dirt":4,"world:oak":1,"minecraft:oak_wood":3,"minecraft:sugar_cane":6,"minecraft:cod":3,"minecraft:cobblestone":16},"minecraft:custom":{"minecraft:time_since_rest":12211,"minecraft:interact_with_furnace":5,"minecraft:sprint_one_cm":18255,"minecraft:damage_taken":220,"minecraft:walk_one_cm":29100,"minecraft:mob_kills":6,"minecraft:drop":3,"minecraft:damage_dealt":180,"minecraft:interact_with_crafting_table":4,"minecraft:swim_one_cm":33076,"minecraft:fly_one_cm":31759,"minecraft:crouch_one_cm":1370,"minecraft:play_time":12211,"minecraft:sneak_time":561,"minecraft:walk_under_water_one_cm":6516,"minecraft:jump":173,"minecraft:leave_game":1,"minecraft:walk_on_water_one_cm":9730,"minecraft:time_since_death":12211,"minecraft:total_world_time":12211,"minecraft:fall_one_cm":5132},"minecraft:used":{"minecraft:wooden_axe":21,"minecraft:stone_sword":6,"minecraft:stone_pickaxe":8,"minecraft:wooden_pickaxe":8,"minecraft:stone_axe":6,"minecraft:dirt":4,"minecraft:crafting_table":2,"minecraft:furnace":1,"minecraft:cooked_cod":3},"minecraft:mined":{"minecraft:crafting_table":1,"minecraft:oak_wood":3,"minecraft:grass_block":3,"minecraft:oak_log":27,"minecraft:dirt":1,"world:oak":1,"minecraft:stone":16,"minecraft:sugar_cane":2}},"DataVersion":3465}