{"stats":{"minecraft:dropped":{"world:oak":1},"minecraft:picked_up":{"world:oak":1,"minecraft:sugar_cane":6},"minecraft:custom":{"minecraft:jump":80,"minecraft:time_since_rest":4574,"minecraft:walk_on_water_one_cm":9042,"minecraft:sprint_one_cm":10407,"minecraft:play_time":4574,"minecraft:damage_taken":160,"minecraft:time_since_death":4574,"minecraft:walk_one_cm":8572,"minecraft:total_world_time":4574,"minecraft:walk_under_water_one_cm":3264,"minecraft:swim_one_cm":25724,"minecraft:drop":1,"minecraft:fall_one_cm":3611,"minecraft:fly_one_cm":20264},"minecraft:mined":{"world:oak":1,"minecraft:sugar_cane":2}},"DataVersion":3465}