{"stats":{"minecraft:custom":{"minecraft:time_since_rest":5471,"minecraft:crouch_one_cm":153,"minecraft:damage_taken":4700,"minecraft:sprint_one_cm":18362,"minecraft:play_time":23000,"minecraft:deaths":7,"minecraft:walk_one_cm":9753,"minecraft:sneak_time":177,"minecraft:jump":114,"minecraft:leave_game":12,"minecraft:time_since_death":5292,"minecraft:climb_one_cm":1109,"minecraft:total_world_time":23000,"minecraft:interact_with_crafting_table":2,"minecraft:fall_one_cm":53173,"minecraft:fly_one_cm":40044},"minecraft:picked_up":{"minecraft:stripped_oak_log":4,"minecraft:oak_log":5},"minecraft:mined":{"minecraft:grass":5,"minecraft:oak_log":5,"minecraft:stripped_oak_log":4,"minecraft:jungle_leaves":2,"minecraft:oak_leaves":1,"minecraft:fern":2},"minecraft:crafted":{"minecraft:oak_planks":28,"minecraft:crafting_table":1,"minecraft:stick":4,"minecraft:wooden_axe":1},"minecraft:used":{"minecraft:wooden_axe":12,"minecraft:jungle_leaves":35,"minecraft:crafting_table":1,"minecraft:oak_planks":19}},"DataVersion":3465}