{"stats":{"minecraft:broken":{"minecraft:stone_pickaxe":1,"minecraft:wooden_pickaxe":1},"minecraft:custom":{"minecraft:time_since_rest":19046,"minecraft:interact_with_furnace":5,"minecraft:sprint_one_cm":36043,"minecraft:damage_taken":10,"minecraft:walk_one_cm":26284,"minecraft:mob_kills":1,"minecraft:damage_dealt":100,"minecraft:interact_with_crafting_table":7,"minecraft:fly_one_cm":19768,"minecraft:crouch_one_cm":797,"minecraft:play_time":19046,"minecraft:sneak_time":471,"minecraft:jump":199,"minecraft:leave_game":3,"minecraft:walk_on_water_one_cm":124,"minecraft:time_since_death":19046,"minecraft:total_world_time":19046,"minecraft:fall_one_cm":2123},"minecraft:killed":{"minecraft:pig":1},"minecraft:mined":{"minecraft:furnace":1,"minecraft:andesite":8,"minecraft:crafting_table":3,"minecraft:granite":34,"minecraft:grass":1,"minecraft:oak_log":9,"minecraft:grass_block":5,"minecraft:coal_ore":42,"minecraft:dirt":22,"minecraft:stone":199,"minecraft:wall_torch":3,"minecraft:oak_leaves":6},"minecraft:picked_up":{"minecraft:crafting_table":3,"minecraft:andesite":8,"minecraft:torch":3,"minecraft:porkchop":3,"minecraft:oak_log":9,"minecraft:dirt":27,"minecraft:apple":2,"minecraft:granite":34,"minecraft:oak_sapling":1,"minecraft:coal":61,"minecraft:cobblestone":197,"minecraft:furnace":1},"minecraft:crafted":{"minecraft:oak_planks":36,"minecraft:cooked_porkchop":3,"minecraft:crafting_table":1,"minecraft:stick":12,"minecraft:wooden_pickaxe":1,"minecraft:stone_pickaxe":2,"minecraft:wooden_axe":1,"minecraft:furnace":1,"minecraft:torch":16,"minecraft:air":0},"minecraft:used":{"minecraft:wooden_axe":10,"minecraft:stone_pickaxe":228,"minecraft:wooden_pickaxe":59,"minecraft:torch":18,"minecraft:dirt":10,"minecraft:crafting_table":3,"minecraft:oak_sapling":1,"minecraft:furnace":1,"minecraft:cooked_porkchop":1}},"DataVersion":3465}