{"stats":{"minecraft:killed":{"minecraft:horse":1,"minecraft:skeleton":1,"minecraft:pig":2,"minecraft:creeper":1,"minecraft:cow":4},"minecraft:custom":{"minecraft:time_since_rest":10635,"minecraft:open_chest":17,"minecraft:sprint_one_cm":34116,"minecraft:play_time":10635,"minecraft:damage_taken":594,"minecraft:walk_one_cm":20359,"minecraft:walk_under_water_one_cm":60,"minecraft:mob_kills":9,"minecraft:jump":126,"minecraft:damage_dealt":1270,"minecraft:leave_game":5,"minecraft:walk_on_water_one_cm":489,"minecraft:time_since_death":10597,"minecraft:total_world_time":10635,"minecraft:swim_one_cm":320,"minecraft:fall_one_cm":2427,"minecraft:fly_one_cm":76337},"minecraft:picked_up":{"minecraft:bone":2,"minecraft:arrow":2,"minecraft:ladder":6,"minecraft:leather":6,"minecraft:wheat_seeds":1,"minecraft:beef":8,"minecraft:porkchop":6,"minecraft:oak_log":5,"minecraft:gunpowder":2},"minecraft:mined":{"minecraft:oak_log":5},"minecraft:used":{"cardinal_sins:greatsword":3,"werewolves:silver_axe":5,"cardinal_sins:scythe":5,"werewolves:silver_sword":14,"world:eflshousebase_4_spawn_egg":1,"minecraft:oak_planks":15,"world:dragonfly_spawn_egg":1,"minecraft:ender_pearl":37,"world:centaur_spawn_egg":1,"world:giantsavage_spawn_egg":1},"minecraft:crafted":{"minecraft:oak_planks":20}},"DataVersion":3465}