{"stats":{"minecraft:picked_up":{"minecraft:crafting_table":1,"minecraft:apple":2,"minecraft:porkchop":3,"minecraft:oak_log":9,"minecraft:coal":10,"minecraft:dirt":18,"minecraft:cobblestone":7},"minecraft:used":{"minecraft:wooden_axe":8,"minecraft:dirt":8,"minecraft:crafting_table":2,"minecraft:stone_pickaxe":4,"minecraft:wooden_pickaxe":15},"minecraft:killed":{"minecraft:pig":1},"minecraft:crafted":{"minecraft:oak_planks":16,"minecraft:crafting_table":1,"minecraft:stick":8,"minecraft:stone_pickaxe":1,"minecraft:wooden_pickaxe":1,"minecraft:wooden_axe":1},"minecraft:mined":{"minecraft:coal_ore":10,"minecraft:grass":1,"minecraft:grass_block":3,"minecraft:oak_log":9,"minecraft:dirt":15,"minecraft:stone":9,"minecraft:oak_leaves":6,"minecraft:crafting_table":1},"minecraft:custom":{"minecraft:time_since_rest":4211,"minecraft:crouch_one_cm":665,"minecraft:play_time":4211,"minecraft:sprint_one_cm":10739,"minecraft:walk_one_cm":4340,"minecraft:sneak_time":426,"minecraft:mob_kills":1,"minecraft:jump":32,"minecraft:damage_dealt":100,"minecraft:leave_game":1,"minecraft:time_since_death":4211,"minecraft:total_world_time":4211,"minecraft:fall_one_cm":894,"minecraft:interact_with_crafting_table":4,"minecraft:fly_one_cm":7240}},"DataVersion":3465}