{"stats":{"minecraft:crafted":{"minecraft:oak_planks":52,"minecraft:cooked_porkchop":3,"minecraft:crafting_table":1,"minecraft:wooden_pickaxe":1,"minecraft:furnace":1,"minecraft:birch_planks":24,"minecraft:cooked_mutton":6,"minecraft:air":0,"minecraft:oak_boat":1,"minecraft:stick":12,"minecraft:stone_pickaxe":2,"minecraft:wooden_axe":1,"minecraft:torch":16},"minecraft:killed":{"minecraft:pig":1,"minecraft:sheep":3},"minecraft:picked_up":{"minecraft:birch_log":6,"minecraft:crafting_table":4,"minecraft:andesite":8,"minecraft:brown_wool":1,"minecraft:oak_log":13,"minecraft:dirt":36,"minecraft:raw_copper":19,"minecraft:apple":2,"minecraft:kelp":1,"minecraft:spruce_planks":7,"minecraft:dark_oak_stairs":2,"minecraft:furnace":2,"minecraft:raw_iron":3,"minecraft:torch":5,"minecraft:spruce_stairs":2,"minecraft:porkchop":3,"minecraft:sand":3,"minecraft:spruce_log":1,"minecraft:dark_oak_planks":2,"minecraft:granite":34,"minecraft:oak_sapling":1,"minecraft:mutton":6,"minecraft:coal":102,"iceandfire:raw_silver":5,"minecraft:white_wool":3,"minecraft:cobblestone":212},"minecraft:custom":{"minecraft:interact_with_furnace":14,"minecraft:mob_kills":4,"minecraft:interact_with_crafting_table":8,"minecraft:leave_game":7,"minecraft:time_since_death":121469,"minecraft:time_since_rest":121470,"minecraft:sprint_one_cm":126295,"minecraft:damage_taken":940,"minecraft:walk_one_cm":50007,"minecraft:damage_dealt":540,"minecraft:swim_one_cm":56645,"minecraft:fly_one_cm":294042,"minecraft:open_chest":3,"minecraft:crouch_one_cm":3725,"minecraft:play_time":121470,"minecraft:sneak_time":2288,"minecraft:walk_under_water_one_cm":59484,"minecraft:boat_one_cm":63391,"minecraft:jump":835,"minecraft:walk_on_water_one_cm":30250,"minecraft:total_world_time":121470,"minecraft:fall_one_cm":22036},"minecraft:broken":{"minecraft:stone_pickaxe":2,"minecraft:wooden_axe":1,"minecraft:wooden_pickaxe":1},"minecraft:used":{"minecraft:cooked_mutton":6,"minecraft:stone_pickaxe":265,"minecraft:wooden_pickaxe":59,"minecraft:leather_boots":1,"minecraft:white_wool":1,"minecraft:torch":21,"minecraft:dirt":13,"minecraft:crafting_table":4,"minecraft:carrot":12,"minecraft:wooden_axe":46,"minecraft:apple":2,"minecraft:leather_helmet":1,"minecraft:cobblestone":124,"minecraft:furnace":2,"minecraft:oak_sapling":1,"minecraft:cooked_porkchop":3,"minecraft:oak_boat":1,"minecraft:kelp":1},"minecraft:mined":{"minecraft:dark_oak_planks":2,"minecraft:spruce_planks":7,"iceandfire:silver_ore":5,"minecraft:crafting_table":4,"minecraft:torch":1,"minecraft:granite":34,"minecraft:grass_block":9,"minecraft:copper_ore":6,"minecraft:cobblestone":2,"minecraft:kelp":1,"minecraft:wall_torch":4,"minecraft:spruce_stairs":2,"minecraft:furnace":2,"minecraft:birch_log":6,"minecraft:iron_ore":3,"minecraft:spruce_log":1,"minecraft:andesite":8,"minecraft:birch_leaves":3,"minecraft:dark_oak_stairs":2,"minecraft:grass":2,"minecraft:oak_log":13,"minecraft:coal_ore":47,"minecraft:dirt":27,"minecraft:sand":3,"minecraft:stone":213,"minecraft:white_wool":1,"minecraft:oak_leaves":8}},"DataVersion":3465}