{"stats":{"minecraft:killed":{"minecraft:horse":1,"minecraft:cow":4},"minecraft:crafted":{"minecraft:oak_planks":20},"minecraft:used":{"werewolves:silver_axe":5,"werewolves:silver_sword":14,"minecraft:oak_planks":15,"minecraft:ender_pearl":37},"minecraft:custom":{"minecraft:time_since_rest":7757,"minecraft:open_chest":17,"minecraft:sprint_one_cm":19810,"minecraft:play_time":7757,"minecraft:damage_taken":594,"minecraft:walk_one_cm":7943,"minecraft:walk_under_water_one_cm":60,"minecraft:mob_kills":5,"minecraft:jump":101,"minecraft:damage_dealt":670,"minecraft:leave_game":5,"minecraft:walk_on_water_one_cm":489,"minecraft:time_since_death":7719,"minecraft:total_world_time":7757,"minecraft:swim_one_cm":320,"minecraft:fall_one_cm":2427,"minecraft:fly_one_cm":59214},"minecraft:picked_up":{"minecraft:ladder":6,"minecraft:leather":6,"minecraft:wheat_seeds":1,"minecraft:beef":8,"minecraft:oak_log":5},"minecraft:mined":{"minecraft:oak_log":5}},"DataVersion":3465}