{"stats":{"minecraft:crafted":{"minecraft:oak_boat":1,"minecraft:oak_planks":36,"minecraft:cooked_porkchop":3,"minecraft:crafting_table":1,"minecraft:stick":12,"minecraft:wooden_pickaxe":1,"minecraft:stone_pickaxe":2,"minecraft:wooden_axe":1,"minecraft:furnace":1,"minecraft:torch":16,"minecraft:air":0},"minecraft:killed":{"minecraft:pig":1},"minecraft:picked_up":{"minecraft:birch_log":2,"minecraft:crafting_table":4,"minecraft:andesite":8,"minecraft:torch":5,"minecraft:porkchop":3,"minecraft:oak_log":9,"minecraft:dirt":31,"minecraft:apple":2,"minecraft:kelp":1,"minecraft:granite":34,"minecraft:oak_sapling":1,"minecraft:coal":61,"minecraft:cobblestone":198,"minecraft:furnace":1},"minecraft:broken":{"minecraft:stone_pickaxe":1,"minecraft:wooden_pickaxe":1},"minecraft:custom":{"minecraft:time_since_rest":98623,"minecraft:interact_with_furnace":5,"minecraft:sprint_one_cm":74749,"minecraft:damage_taken":150,"minecraft:walk_one_cm":31674,"minecraft:mob_kills":1,"minecraft:damage_dealt":106,"minecraft:swim_one_cm":16756,"minecraft:interact_with_crafting_table":8,"minecraft:fly_one_cm":149464,"minecraft:crouch_one_cm":1633,"minecraft:play_time":98623,"minecraft:sneak_time":1120,"minecraft:walk_under_water_one_cm":23693,"minecraft:boat_one_cm":63391,"minecraft:jump":478,"minecraft:leave_game":4,"minecraft:time_since_death":98623,"minecraft:walk_on_water_one_cm":10641,"minecraft:total_world_time":98623,"minecraft:fall_one_cm":10764},"minecraft:used":{"minecraft:wooden_axe":14,"minecraft:stone_pickaxe":230,"minecraft:wooden_pickaxe":59,"minecraft:torch":21,"minecraft:dirt":13,"minecraft:cobblestone":51,"minecraft:crafting_table":4,"minecraft:furnace":1,"minecraft:oak_sapling":1,"minecraft:cooked_porkchop":3,"minecraft:oak_boat":1,"minecraft:kelp":1},"minecraft:mined":{"minecraft:furnace":1,"minecraft:birch_log":2,"minecraft:andesite":8,"minecraft:birch_leaves":3,"minecraft:crafting_table":4,"minecraft:torch":1,"minecraft:granite":34,"minecraft:grass":1,"minecraft:grass_block":7,"minecraft:oak_log":9,"minecraft:coal_ore":42,"minecraft:dirt":24,"minecraft:cobblestone":1,"minecraft:stone":199,"minecraft:kelp":1,"minecraft:oak_leaves":8,"minecraft:wall_torch":4}},"DataVersion":3465}