{"stats":{"minecraft:killed":{"minecraft:horse":1,"minecraft:cow":4},"minecraft:mined":{"minecraft:oak_log":5},"minecraft:crafted":{"minecraft:oak_planks":20},"minecraft:used":{"werewolves:silver_axe":5,"werewolves:silver_sword":14,"minecraft:oak_planks":15,"minecraft:ender_pearl":37},"minecraft:custom":{"minecraft:time_since_rest":6975,"minecraft:open_chest":17,"minecraft:sprint_one_cm":17113,"minecraft:play_time":6975,"minecraft:damage_taken":594,"minecraft:walk_one_cm":7625,"minecraft:walk_under_water_one_cm":60,"minecraft:mob_kills":5,"minecraft:jump":84,"minecraft:damage_dealt":670,"minecraft:leave_game":4,"minecraft:walk_on_water_one_cm":489,"minecraft:time_since_death":6937,"minecraft:total_world_time":6975,"minecraft:swim_one_cm":320,"minecraft:fall_one_cm":2427,"minecraft:fly_one_cm":53376},"minecraft:picked_up":{"minecraft:ladder":6,"minecraft:leather":6,"minecraft:wheat_seeds":1,"minecraft:beef":8,"minecraft:oak_log":5}},"DataVersion":3465}