{"stats":{"minecraft:used":{"minecraft:jungle_leaves":135},"minecraft:custom":{"minecraft:jump":82,"minecraft:time_since_rest":3548,"minecraft:crouch_one_cm":1545,"minecraft:leave_game":2,"minecraft:play_time":3548,"minecraft:sprint_one_cm":2623,"minecraft:damage_taken":250,"minecraft:time_since_death":3503,"minecraft:walk_one_cm":2072,"minecraft:sneak_time":420,"minecraft:total_world_time":3548,"minecraft:climb_one_cm":150,"minecraft:fall_one_cm":1554,"minecraft:fly_one_cm":25417}},"DataVersion":3465}