{"stats":{"minecraft:custom":{"minecraft:time_since_rest":8533,"minecraft:play_time":8533,"minecraft:crouch_one_cm":665,"minecraft:sprint_one_cm":14628,"minecraft:walk_one_cm":10856,"minecraft:sneak_time":426,"minecraft:mob_kills":1,"minecraft:jump":38,"minecraft:damage_dealt":100,"minecraft:leave_game":2,"minecraft:time_since_death":8533,"minecraft:total_world_time":8533,"minecraft:interact_with_crafting_table":5,"minecraft:fly_one_cm":7375,"minecraft:fall_one_cm":894},"minecraft:killed":{"minecraft:pig":1},"minecraft:picked_up":{"minecraft:crafting_table":1,"minecraft:apple":2,"minecraft:granite":32,"minecraft:porkchop":3,"minecraft:oak_log":9,"minecraft:coal":26,"minecraft:dirt":18,"minecraft:cobblestone":78},"minecraft:mined":{"minecraft:granite":32,"minecraft:grass":1,"minecraft:oak_log":9,"minecraft:grass_block":3,"minecraft:coal_ore":26,"minecraft:dirt":15,"minecraft:stone":80,"minecraft:oak_leaves":6,"minecraft:crafting_table":1},"minecraft:crafted":{"minecraft:oak_planks":36,"minecraft:torch":8,"minecraft:crafting_table":1,"minecraft:stick":8,"minecraft:wooden_pickaxe":1,"minecraft:stone_pickaxe":1,"minecraft:wooden_axe":1},"minecraft:used":{"minecraft:torch":7,"minecraft:wooden_axe":8,"minecraft:dirt":8,"minecraft:crafting_table":2,"minecraft:stone_pickaxe":123,"minecraft:wooden_pickaxe":15}},"DataVersion":3465}