{"stats":{"minecraft:used":{"minecraft:jungle_leaves":135},"minecraft:custom":{"minecraft:jump":90,"minecraft:time_since_rest":11935,"minecraft:crouch_one_cm":1545,"minecraft:leave_game":5,"minecraft:play_time":11935,"minecraft:sprint_one_cm":3734,"minecraft:damage_taken":870,"minecraft:time_since_death":11877,"minecraft:walk_one_cm":3675,"minecraft:sneak_time":436,"minecraft:total_world_time":11935,"minecraft:climb_one_cm":150,"minecraft:fall_one_cm":8455,"minecraft:fly_one_cm":39126}},"DataVersion":3465}