{"stats":{"minecraft:custom":{"minecraft:time_since_rest":28109,"minecraft:walk_one_cm":45394,"minecraft:sprint_one_cm":54238,"minecraft:damage_taken":1479,"minecraft:damage_absorbed":1248,"minecraft:mob_kills":14,"minecraft:drop":4,"minecraft:damage_dealt":4530,"minecraft:fly_one_cm":154329,"minecraft:crouch_one_cm":176,"minecraft:play_time":28109,"minecraft:sneak_time":94,"minecraft:jump":256,"minecraft:leave_game":3,"minecraft:time_since_death":28106,"minecraft:total_world_time":28109,"minecraft:damage_resisted":610,"minecraft:fall_one_cm":8620},"minecraft:used":{"minecraft:netherite_sword":101,"werewolves:werewolf_survivalist_spawn_egg":2,"werewolves:stone_altar":8,"minecraft:grass_block":4,"werewolves:stone_altar_fire_bowl":13,"werewolves:alpha_werewolf_spawn_egg":4,"werewolves:human_werewolf_spawn_egg":3,"minecraft:torch":11,"werewolves:werewolf_beast_spawn_egg":4,"minecraft:enchanted_golden_apple":14},"minecraft:killed":{"minecraft:skeleton":1,"werewolves:alpha_werewolf":1,"werewolves:werewolf_beast":6,"minecraft:zombie":1,"minecraft:chicken":1,"werewolves:werewolf_survivalist":3},"minecraft:mined":{"minecraft:birch_log":4,"werewolves:stone_altar":7,"minecraft:birch_leaves":5,"minecraft:torch":5,"minecraft:grass":22,"werewolves:stone_altar_fire_bowl":9,"minecraft:tall_grass":5},"minecraft:picked_up":{"minecraft:birch_log":4,"werewolves:stone_altar":70,"minecraft:netherite_boots":1,"minecraft:feather":1,"minecraft:chicken":1,"minecraft:torch":9,"werewolves:liver":10,"werewolves:stone_altar_fire_bowl":69,"werewolves:werewolf_tooth":2,"werewolves:dark_pelt":2,"minecraft:netherite_leggings":1,"minecraft:arrow":1,"minecraft:bone":6,"minecraft:rotten_flesh":1,"minecraft:netherite_helmet":1,"minecraft:wheat_seeds":6,"minecraft:netherite_sword":1,"minecraft:enchanted_golden_apple":58,"minecraft:netherite_chestplate":1,"werewolves:cracked_bone":7,"werewolves:pelt":8,"minecraft:birch_sapling":4},"minecraft:dropped":{"minecraft:torch":4}},"DataVersion":3465}