{"stats":{"minecraft:crafted":{"minecraft:oak_boat":1,"minecraft:oak_planks":36,"minecraft:cooked_porkchop":3,"minecraft:crafting_table":1,"minecraft:stick":12,"minecraft:wooden_pickaxe":1,"minecraft:stone_pickaxe":2,"minecraft:wooden_axe":1,"minecraft:furnace":1,"minecraft:torch":16,"minecraft:air":0},"minecraft:killed":{"minecraft:pig":1},"minecraft:picked_up":{"minecraft:birch_log":2,"minecraft:crafting_table":4,"minecraft:andesite":8,"minecraft:torch":4,"minecraft:porkchop":3,"minecraft:oak_log":9,"minecraft:dirt":28,"minecraft:apple":2,"minecraft:kelp":1,"minecraft:granite":34,"minecraft:oak_sapling":1,"minecraft:coal":61,"minecraft:cobblestone":197,"minecraft:furnace":1},"minecraft:broken":{"minecraft:stone_pickaxe":1,"minecraft:wooden_pickaxe":1},"minecraft:custom":{"minecraft:time_since_rest":38623,"minecraft:interact_with_furnace":5,"minecraft:sprint_one_cm":68216,"minecraft:damage_taken":120,"minecraft:walk_one_cm":30147,"minecraft:mob_kills":1,"minecraft:damage_dealt":100,"minecraft:swim_one_cm":9609,"minecraft:interact_with_crafting_table":8,"minecraft:fly_one_cm":75182,"minecraft:crouch_one_cm":1633,"minecraft:play_time":38623,"minecraft:sneak_time":667,"minecraft:walk_under_water_one_cm":942,"minecraft:boat_one_cm":63391,"minecraft:jump":418,"minecraft:leave_game":4,"minecraft:time_since_death":38623,"minecraft:walk_on_water_one_cm":1168,"minecraft:total_world_time":38623,"minecraft:fall_one_cm":9092},"minecraft:used":{"minecraft:wooden_axe":14,"minecraft:stone_pickaxe":229,"minecraft:wooden_pickaxe":59,"minecraft:torch":20,"minecraft:dirt":13,"minecraft:cobblestone":34,"minecraft:crafting_table":4,"minecraft:furnace":1,"minecraft:oak_sapling":1,"minecraft:cooked_porkchop":3,"minecraft:oak_boat":1,"minecraft:kelp":1},"minecraft:mined":{"minecraft:furnace":1,"minecraft:birch_log":2,"minecraft:andesite":8,"minecraft:birch_leaves":3,"minecraft:crafting_table":4,"minecraft:torch":1,"minecraft:granite":34,"minecraft:grass":1,"minecraft:grass_block":6,"minecraft:oak_log":9,"minecraft:coal_ore":42,"minecraft:dirt":22,"minecraft:stone":199,"minecraft:kelp":1,"minecraft:oak_leaves":8,"minecraft:wall_torch":3}},"DataVersion":3465}