{
  "minecraft:recipes/redstone/lever": {
    "criteria": {
      "has_cobblestone": "2024-07-06 00:43:27 +0000"
    },
    "done": true
  },
  "minecraft:recipes/decorations/ladder": {
    "criteria": {
      "has_stick": "2024-07-06 00:41:29 +0000"
    },
    "done": true
  },
  "iceandfire:recipes/misc/dragon_meal": {
    "criteria": {
      "has_item": "2024-07-06 00:44:00 +0000"
    },
    "done": true
  },
  "werewolves:recipes/misc/stone_altar_fire_bowl": {
    "criteria": {
      "has_planks": "2024-07-06 00:41:26 +0000"
    },
    "done": true
  },
  "vampirism:recipes/combat/hunter/stake": {
    "criteria": {
      "has_sticks": "2024-07-06 00:41:29 +0000"
    },
    "done": true
  },
  "minecraft:recipes/decorations/oak_sign": {
    "criteria": {
      "has_planks": "2024-07-06 00:41:26 +0000"
    },
    "done": true
  },
  "minecraft:recipes/redstone/oak_trapdoor": {
    "criteria": {
      "has_planks": "2024-07-06 00:41:26 +0000"
    },
    "done": true
  },
  "minecraft:recipes/combat/stone_sword": {
    "criteria": {
      "has_cobblestone": "2024-07-06 00:43:27 +0000"
    },
    "done": true
  },
  "minecraft:recipes/decorations/cobblestone_wall": {
    "criteria": {
      "has_cobblestone": "2024-07-06 00:43:27 +0000"
    },
    "done": true
  },
  "minecraft:recipes/tools/stone_axe": {
    "criteria": {
      "has_cobblestone": "2024-07-06 00:43:27 +0000"
    },
    "done": true
  },
  "werewolves:recipes/misc/weapontable/crossbow_arrow_silver_bolt": {
    "criteria": {
      "hasSticks": "2024-07-06 00:41:29 +0000"
    },
    "done": true
  },
  "minecraft:story/mine_stone": {
    "criteria": {
      "get_stone": "2024-07-06 00:43:27 +0000"
    },
    "done": true
  },
  "minecraft:recipes/decorations/furnace": {
    "criteria": {
      "has_cobblestone": "2024-07-06 00:43:27 +0000"
    },
    "done": true
  },
  "werewolves:recipes/misc/silver_pickaxe": {
    "criteria": {
      "has_sticks": "2024-07-06 00:41:29 +0000"
    },
    "done": true
  },
  "minecraft:recipes/tools/wooden_axe": {
    "criteria": {
      "has_stick": "2024-07-06 00:41:29 +0000"
    },
    "done": true
  },
  "minecraft:recipes/decorations/smoker": {
    "criteria": {
      "has_furnace": "2024-07-06 00:47:01 +0000"
    },
    "done": true
  },
  "minecraft:recipes/decorations/crafting_table": {
    "criteria": {
      "unlock_right_away": "2024-07-06 00:39:45 +0000"
    },
    "done": true
  },
  "minecraft:recipes/decorations/chest": {
    "criteria": {
      "has_lots_of_items": "2024-07-06 00:44:00 +0000"
    },
    "done": true
  },
  "minecraft:recipes/misc/stick": {
    "criteria": {
      "has_planks": "2024-07-06 00:41:26 +0000"
    },
    "done": true
  },
  "minecraft:recipes/building_blocks/cobblestone_slab_from_cobblestone_stonecutting": {
    "criteria": {
      "has_cobblestone": "2024-07-06 00:43:27 +0000"
    },
    "done": true
  },
  "minecraft:recipes/building_blocks/oak_stairs": {
    "criteria": {
      "has_planks": "2024-07-06 00:41:26 +0000"
    },
    "done": true
  },
  "minecraft:recipes/transportation/cherry_boat": {
    "criteria": {
      "in_water": "2024-07-06 00:43:28 +0000"
    },
    "done": true
  },
  "minecraft:recipes/decorations/oak_fence": {
    "criteria": {
      "has_planks": "2024-07-06 00:41:26 +0000"
    },
    "done": true
  },
  "minecraft:recipes/food/cooked_porkchop_from_campfire_cooking": {
    "criteria": {
      "has_porkchop": "2024-07-06 00:44:00 +0000"
    },
    "done": true
  },
  "minecraft:recipes/building_blocks/stone": {
    "criteria": {
      "has_cobblestone": "2024-07-06 00:43:27 +0000"
    },
    "done": true
  },
  "iceandfire:recipes/misc/earplugs": {
    "criteria": {
      "has_item": "2024-07-06 00:41:26 +0000"
    },
    "done": true
  },
  "vampirism:recipes/decorations/vampire/altar_inspiration": {
    "criteria": {
      "has_planks": "2024-07-06 00:41:26 +0000"
    },
    "done": true
  },
  "minecraft:recipes/transportation/bamboo_raft": {
    "criteria": {
      "in_water": "2024-07-06 00:43:28 +0000"
    },
    "done": true
  },
  "minecraft:recipes/food/bread": {
    "criteria": {
      "has_wheat": "2024-07-06 00:45:34 +0000"
    },
    "done": true
  },
  "minecraft:recipes/transportation/spruce_boat": {
    "criteria": {
      "in_water": "2024-07-06 00:43:28 +0000"
    },
    "done": true
  },
  "minecraft:recipes/decorations/oak_hanging_sign": {
    "criteria": {
      "has_stripped_logs": "2024-07-06 00:42:22 +0000"
    },
    "done": true
  },
  "minecraft:recipes/building_blocks/hay_block": {
    "criteria": {
      "has_wheat": "2024-07-06 00:45:34 +0000"
    },
    "done": true
  },
  "minecraft:recipes/redstone/target": {
    "criteria": {
      "has_hay_block": "2024-07-06 00:44:37 +0000"
    },
    "done": true
  },
  "minecraft:recipes/transportation/birch_boat": {
    "criteria": {
      "in_water": "2024-07-06 00:43:28 +0000"
    },
    "done": true
  },
  "vampirism:recipes/decorations/general/tombstone2": {
    "criteria": {
      "has_coble": "2024-07-06 00:43:27 +0000"
    },
    "done": true
  },
  "werewolves:recipes/misc/silver_axe": {
    "criteria": {
      "has_sticks": "2024-07-06 00:41:29 +0000"
    },
    "done": true
  },
  "minecraft:recipes/transportation/oak_boat": {
    "criteria": {
      "in_water": "2024-07-06 00:43:28 +0000"
    },
    "done": true
  },
  "vampirism:recipes/transportation/cursed_spruce_boat": {
    "criteria": {
      "in_water": "2024-07-06 00:43:28 +0000"
    },
    "done": true
  },
  "minecraft:recipes/redstone/oak_button": {
    "criteria": {
      "has_planks": "2024-07-06 00:41:26 +0000"
    },
    "done": true
  },
  "incendium:technical/new_player": {
    "criteria": {
      "requirement": "2024-07-06 00:39:45 +0000"
    },
    "done": true
  },
  "iceandfire:iceandfire/root": {
    "criteria": {
      "tick": "2024-07-06 00:39:45 +0000"
    },
    "done": true
  },
  "minecraft:recipes/transportation/mangrove_boat": {
    "criteria": {
      "in_water": "2024-07-06 00:43:28 +0000"
    },
    "done": true
  },
  "vampirism:recipes/decorations/general/throne": {
    "criteria": {
      "has_planks": "2024-07-06 00:41:26 +0000"
    },
    "done": true
  },
  "vampirism:recipes/decorations/general/fire_place": {
    "criteria": {
      "has_logs": "2024-07-06 00:40:57 +0000"
    },
    "done": true
  },
  "incendium:technical/scroll_of_returning": {
    "criteria": {
      "log_spam_fixer": "2024-07-06 00:39:46 +0000"
    },
    "done": false
  },
  "minecraft:recipes/food/cooked_porkchop": {
    "criteria": {
      "has_porkchop": "2024-07-06 00:44:00 +0000"
    },
    "done": true
  },
  "minecraft:recipes/building_blocks/oak_slab": {
    "criteria": {
      "has_planks": "2024-07-06 00:41:26 +0000"
    },
    "done": true
  },
  "werewolves:recipes/misc/silver_shovel": {
    "criteria": {
      "has_sticks": "2024-07-06 00:41:29 +0000"
    },
    "done": true
  },
  "incendium:technical/using/ragnarok": {
    "criteria": {
      "log_spam_fixer": "2024-07-06 00:39:46 +0000"
    },
    "done": false
  },
  "minecraft:recipes/tools/stone_pickaxe": {
    "criteria": {
      "has_cobblestone": "2024-07-06 00:43:27 +0000"
    },
    "done": true
  },
  "dungeons_arise:wda_root": {
    "criteria": {
      "WDA": "2024-07-06 00:39:45 +0000"
    },
    "done": true
  },
  "minecraft:recipes/decorations/campfire": {
    "criteria": {
      "has_stick": "2024-07-06 00:41:29 +0000"
    },
    "done": true
  },
  "minecraft:recipes/tools/wooden_hoe": {
    "criteria": {
      "has_stick": "2024-07-06 00:41:29 +0000"
    },
    "done": true
  },
  "vampirism:recipes/decorations/hunter/cross": {
    "criteria": {
      "has_planks": "2024-07-06 00:41:26 +0000"
    },
    "done": true
  },
  "minecraft:recipes/redstone/oak_fence_gate": {
    "criteria": {
      "has_planks": "2024-07-06 00:41:26 +0000"
    },
    "done": true
  },
  "minecraft:recipes/misc/charcoal": {
    "criteria": {
      "has_log": "2024-07-06 00:40:57 +0000"
    },
    "done": true
  },
  "minecraft:recipes/tools/wooden_pickaxe": {
    "criteria": {
      "has_stick": "2024-07-06 00:41:29 +0000"
    },
    "done": true
  },
  "vampirism:recipes/decorations/bat_cage": {
    "criteria": {
      "has_planks": "2024-07-06 00:41:26 +0000"
    },
    "done": true
  },
  "vampirism:recipes/transportation/dark_spruce_boat": {
    "criteria": {
      "in_water": "2024-07-06 00:43:28 +0000"
    },
    "done": true
  },
  "minecraft:recipes/redstone/oak_pressure_plate": {
    "criteria": {
      "has_planks": "2024-07-06 00:41:26 +0000"
    },
    "done": true
  },
  "minecraft:recipes/redstone/oak_door": {
    "criteria": {
      "has_planks": "2024-07-06 00:41:26 +0000"
    },
    "done": true
  },
  "werewolves:recipes/transportation/jacaranda_boat": {
    "criteria": {
      "in_water": "2024-07-06 00:43:28 +0000"
    },
    "done": true
  },
  "minecraft:recipes/tools/wooden_shovel": {
    "criteria": {
      "has_stick": "2024-07-06 00:41:29 +0000"
    },
    "done": true
  },
  "werewolves:recipes/misc/silver_sword": {
    "criteria": {
      "has_sticks": "2024-07-06 00:41:29 +0000"
    },
    "done": true
  },
  "minecraft:recipes/building_blocks/cobblestone_slab": {
    "criteria": {
      "has_cobblestone": "2024-07-06 00:43:27 +0000"
    },
    "done": true
  },
  "vampirism:recipes/combat/alchemy_table": {
    "criteria": {
      "has_planks": "2024-07-06 00:41:26 +0000"
    },
    "done": true
  },
  "incendium:technical/using/trailblazer": {
    "criteria": {
      "log_spam_fixer": "2024-07-06 00:39:46 +0000"
    },
    "done": false
  },
  "minecraft:recipes/transportation/acacia_boat": {
    "criteria": {
      "in_water": "2024-07-06 00:43:28 +0000"
    },
    "done": true
  },
  "minecraft:adventure/root": {
    "criteria": {
      "killed_something": "2024-07-06 00:44:00 +0000"
    },
    "done": true
  },
  "vampirism:recipes/combat/hunter/crucifix": {
    "criteria": {
      "planks": "2024-07-06 00:41:26 +0000"
    },
    "done": true
  },
  "minecraft:recipes/combat/wooden_sword": {
    "criteria": {
      "has_stick": "2024-07-06 00:41:29 +0000"
    },
    "done": true
  },
  "minecraft:recipes/building_blocks/oak_planks": {
    "criteria": {
      "has_logs": "2024-07-06 00:40:57 +0000"
    },
    "done": true
  },
  "minecraft:recipes/food/cooked_porkchop_from_smoking": {
    "criteria": {
      "has_porkchop": "2024-07-06 00:44:00 +0000"
    },
    "done": true
  },
  "vampirism:recipes/alchemy_table/alchemy_table/plant_oil": {
    "criteria": {
      "has_wheat_seeds": "2024-07-06 00:40:23 +0000"
    },
    "done": true
  },
  "minecraft:adventure/adventuring_time": {
    "criteria": {
      "minecraft:beach": "2024-07-06 00:43:23 +0000",
      "minecraft:forest": "2024-07-06 00:41:56 +0000",
      "minecraft:plains": "2024-07-06 00:39:46 +0000"
    },
    "done": false
  },
  "minecraft:recipes/decorations/barrel": {
    "criteria": {
      "has_planks": "2024-07-06 00:41:26 +0000"
    },
    "done": true
  },
  "minecraft:recipes/decorations/cobblestone_wall_from_cobblestone_stonecutting": {
    "criteria": {
      "has_cobblestone": "2024-07-06 00:43:27 +0000"
    },
    "done": true
  },
  "minecraft:recipes/building_blocks/stripped_oak_wood": {
    "criteria": {
      "has_log": "2024-07-06 00:42:22 +0000"
    },
    "done": true
  },
  "werewolves:recipes/misc/silver_hoe": {
    "criteria": {
      "has_sticks": "2024-07-06 00:41:29 +0000"
    },
    "done": true
  },
  "minecraft:recipes/building_blocks/cobblestone_stairs_from_cobblestone_stonecutting": {
    "criteria": {
      "has_cobblestone": "2024-07-06 00:43:27 +0000"
    },
    "done": true
  },
  "minecraft:recipes/misc/wheat": {
    "criteria": {
      "has_hay_block": "2024-07-06 00:44:37 +0000"
    },
    "done": true
  },
  "minecraft:recipes/building_blocks/cobblestone_stairs": {
    "criteria": {
      "has_cobblestone": "2024-07-06 00:43:27 +0000"
    },
    "done": true
  },
  "incendium:technical/using/shield": {
    "criteria": {
      "log_spam_fixer": "2024-07-06 00:39:46 +0000"
    },
    "done": false
  },
  "vampirism:recipes/decorations/general/vampire_rack": {
    "criteria": {
      "has_planks": "2024-07-06 00:41:26 +0000"
    },
    "done": true
  },
  "minecraft:recipes/tools/stone_hoe": {
    "criteria": {
      "has_cobblestone": "2024-07-06 00:43:27 +0000"
    },
    "done": true
  },
  "minecraft:recipes/tools/stone_shovel": {
    "criteria": {
      "has_cobblestone": "2024-07-06 00:43:27 +0000"
    },
    "done": true
  },
  "minecraft:recipes/building_blocks/oak_wood": {
    "criteria": {
      "has_log": "2024-07-06 00:40:57 +0000"
    },
    "done": true
  },
  "minecraft:story/root": {
    "criteria": {
      "crafting_table": "2024-07-06 00:41:29 +0000"
    },
    "done": true
  },
  "vampirism:recipes/decorations/general/altar_cleansing": {
    "criteria": {
      "has_vampire_book": "2024-07-06 00:41:26 +0000"
    },
    "done": true
  },
  "werewolves:recipes/transportation/magic_boat": {
    "criteria": {
      "in_water": "2024-07-06 00:43:28 +0000"
    },
    "done": true
  },
  "minecraft:recipes/transportation/jungle_boat": {
    "criteria": {
      "in_water": "2024-07-06 00:43:28 +0000"
    },
    "done": true
  },
  "minecraft:recipes/transportation/dark_oak_boat": {
    "criteria": {
      "in_water": "2024-07-06 00:43:28 +0000"
    },
    "done": true
  },
  "DataVersion": 3465
}