{
  "minecraft:recipes/decorations/crafting_table": {
    "criteria": {
      "unlock_right_away": "2024-07-04 18:44:29 +0000"
    },
    "done": true
  },
  "minecraft:adventure/adventuring_time": {
    "criteria": {
      "minecraft:beach": "2024-07-04 18:53:38 +0000",
      "minecraft:forest": "2024-07-04 18:45:51 +0000",
      "minecraft:old_growth_birch_forest": "2024-07-04 18:44:30 +0000",
      "minecraft:plains": "2024-07-04 18:54:00 +0000"
    },
    "done": false
  },
  "minecraft:recipes/building_blocks/birch_wood": {
    "criteria": {
      "has_log": "2024-07-04 18:48:52 +0000"
    },
    "done": true
  },
  "vampirism:recipes/decorations/general/fire_place": {
    "criteria": {
      "has_logs": "2024-07-04 18:48:52 +0000"
    },
    "done": true
  },
  "minecraft:recipes/building_blocks/birch_planks": {
    "criteria": {
      "has_logs": "2024-07-04 18:48:52 +0000"
    },
    "done": true
  },
  "minecraft:recipes/misc/charcoal": {
    "criteria": {
      "has_log": "2024-07-04 18:48:52 +0000"
    },
    "done": true
  },
  "minecraft:recipes/misc/mojang_banner_pattern": {
    "criteria": {
      "has_enchanted_golden_apple": "2024-07-04 18:56:25 +0000"
    },
    "done": true
  },
  "minecraft:husbandry/root": {
    "criteria": {
      "consumed_item": "2024-07-04 18:56:27 +0000"
    },
    "done": true
  },
  "minecraft:husbandry/balanced_diet": {
    "criteria": {
      "enchanted_golden_apple": "2024-07-04 18:56:27 +0000"
    },
    "done": false
  },
  "minecraft:recipes/decorations/chest": {
    "criteria": {
      "has_lots_of_items": "2024-07-04 18:56:34 +0000"
    },
    "done": true
  },
  "minecraft:nether/netherite_armor": {
    "criteria": {
      "netherite_armor": "2024-07-04 18:56:35 +0000"
    },
    "done": true
  },
  "vampirism:recipes/alchemy_table/alchemy_table/plant_oil": {
    "criteria": {
      "has_wheat_seeds": "2024-07-04 18:58:33 +0000"
    },
    "done": true
  },
  "minecraft:adventure/kill_all_mobs": {
    "criteria": {
      "minecraft:skeleton": "2024-07-04 18:58:50 +0000",
      "minecraft:zombie": "2024-07-04 19:06:37 +0000"
    },
    "done": false
  },
  "minecraft:adventure/root": {
    "criteria": {
      "killed_something": "2024-07-04 18:58:50 +0000"
    },
    "done": true
  },
  "minecraft:adventure/kill_a_mob": {
    "criteria": {
      "minecraft:skeleton": "2024-07-04 18:58:50 +0000"
    },
    "done": true
  },
  "minecraft:recipes/misc/bone_meal": {
    "criteria": {
      "has_bone": "2024-07-04 18:58:51 +0000"
    },
    "done": true
  },
  "minecraft:recipes/misc/bone": {
    "criteria": {
      "has_broken_bone": "2024-07-04 18:59:49 +0000"
    },
    "done": true
  },
  "vampirism:recipes/combat/hunter/crossbow_arrow_from_vanilla": {
    "criteria": {
      "has_arrow": "2024-07-04 18:59:49 +0000"
    },
    "done": true
  },
  "werewolves:recipes/combat/dark_pelt_boots": {
    "criteria": {
      "has_pelt": "2024-07-04 19:01:31 +0000"
    },
    "done": true
  },
  "werewolves:recipes/combat/dark_pelt_helmet": {
    "criteria": {
      "has_pelt": "2024-07-04 19:01:31 +0000"
    },
    "done": true
  },
  "werewolves:recipes/combat/dark_pelt_chestplate": {
    "criteria": {
      "has_pelt": "2024-07-04 19:01:31 +0000"
    },
    "done": true
  },
  "werewolves:recipes/combat/dark_pelt_leggings": {
    "criteria": {
      "has_pelt": "2024-07-04 19:01:31 +0000"
    },
    "done": true
  },
  "werewolves:recipes/combat/pelt_helmet": {
    "criteria": {
      "has_pelt": "2024-07-04 19:01:43 +0000"
    },
    "done": true
  },
  "werewolves:recipes/combat/pelt_leggings": {
    "criteria": {
      "has_pelt": "2024-07-04 19:01:43 +0000"
    },
    "done": true
  },
  "werewolves:recipes/combat/pelt_boots": {
    "criteria": {
      "has_pelt": "2024-07-04 19:01:43 +0000"
    },
    "done": true
  },
  "werewolves:recipes/combat/pelt_chestplate": {
    "criteria": {
      "has_pelt": "2024-07-04 19:01:43 +0000"
    },
    "done": true
  },
  "iceandfire:recipes/misc/dragon_meal": {
    "criteria": {
      "has_item": "2024-07-04 23:55:47 +0000"
    },
    "done": true
  },
  "minecraft:recipes/food/cooked_chicken_from_campfire_cooking": {
    "criteria": {
      "has_chicken": "2024-07-04 23:55:47 +0000"
    },
    "done": true
  },
  "minecraft:recipes/food/cooked_chicken": {
    "criteria": {
      "has_chicken": "2024-07-04 23:55:47 +0000"
    },
    "done": true
  },
  "werewolves:recipes/misc/weapontable/crossbow_arrow_silver_bolt": {
    "criteria": {
      "has_feathers": "2024-07-04 23:55:47 +0000"
    },
    "done": true
  },
  "minecraft:recipes/combat/arrow": {
    "criteria": {
      "has_feather": "2024-07-04 23:55:47 +0000"
    },
    "done": true
  },
  "iceandfire:iceandfire/root": {
    "criteria": {
      "tick": "2024-07-04 23:55:03 +0000"
    },
    "done": true
  },
  "minecraft:recipes/food/cooked_chicken_from_smoking": {
    "criteria": {
      "has_chicken": "2024-07-04 23:55:47 +0000"
    },
    "done": true
  },
  "DataVersion": 3465
}